{
  "analysis_summary": {
    "total_scenarios": 10,
    "total_samples": 20000,
    "total_size_gb": 13.221060037612915,
    "analysis_time": 13.274727821350098,
    "peak_memory_mb": 555.578125
  },
  "scenarios": [
    {
      "scenario": "CurveFault_A",
      "structure": "direct_files",
      "total_files": 4,
      "total_samples": 2000,
      "total_size_gb": 1.3221060037612915,
      "data_shapes": [
        [
          500,
          5,
          1000,
          70
        ],
        [
          500,
          5,
          1000,
          70
        ],
        [
          500,
          1,
          70,
          70
        ],
        [
          500,
          1,
          70,
          70
        ]
      ],
      "model_shapes": [],
      "processing_time": 0.05309605598449707
    },
    {
      "scenario": "CurveFault_B",
      "structure": "direct_files",
      "total_files": 4,
      "total_samples": 2000,
      "total_size_gb": 1.3221060037612915,
      "data_shapes": [
        [
          500,
          5,
          1000,
          70
        ],
        [
          500,
          5,
          1000,
          70
        ],
        [
          500,
          1,
          70,
          70
        ],
        [
          500,
          1,
          70,
          70
        ]
      ],
      "model_shapes": [],
      "processing_time": 0.04076027870178223
    },
    {
      "scenario": "CurveVel_A",
      "structure": "data/model_dirs",
      "total_files": 4,
      "total_samples": 2000,
      "total_size_gb": 1.3221060037612915,
      "data_shapes": [
        [
          500,
          5,
          1000,
          70
        ],
        [
          500,
          5,
          1000,
          70
        ],
        [
          500,
          1,
          70,
          70
        ],
        [
          500,
          1,
          70,
          70
        ]
      ],
      "model_shapes": [],
      "processing_time": 0.038800954818725586
    },
    {
      "scenario": "CurveVel_B",
      "structure": "data/model_dirs",
      "total_files": 4,
      "total_samples": 2000,
      "total_size_gb": 1.3221060037612915,
      "data_shapes": [
        [
          500,
          1,
          70,
          70
        ],
        [
          500,
          1,
          70,
          70
        ],
        [
          500,
          5,
          1000,
          70
        ],
        [
          500,
          5,
          1000,
          70
        ]
      ],
      "model_shapes": [],
      "processing_time": 0.03813600540161133
    },
    {
      "scenario": "FlatFault_A",
      "structure": "direct_files",
      "total_files": 4,
      "total_samples": 2000,
      "total_size_gb": 1.3221060037612915,
      "data_shapes": [
        [
          500,
          5,
          1000,
          70
        ],
        [
          500,
          5,
          1000,
          70
        ],
        [
          500,
          1,
          70,
          70
        ],
        [
          500,
          1,
          70,
          70
        ]
      ],
      "model_shapes": [],
      "processing_time": 0.037531137466430664
    },
    {
      "scenario": "FlatFault_B",
      "structure": "direct_files",
      "total_files": 4,
      "total_samples": 2000,
      "total_size_gb": 1.3221060037612915,
      "data_shapes": [
        [
          500,
          5,
          1000,
          70
        ],
        [
          500,
          1,
          70,
          70
        ],
        [
          500,
          5,
          1000,
          70
        ],
        [
          500,
          1,
          70,
          70
        ]
      ],
      "model_shapes": [],
      "processing_time": 0.05757904052734375
    },
    {
      "scenario": "FlatVel_A",
      "structure": "data/model_dirs",
      "total_files": 4,
      "total_samples": 2000,
      "total_size_gb": 1.3221060037612915,
      "data_shapes": [
        [
          500,
          5,
          1000,
          70
        ],
        [
          500,
          5,
          1000,
          70
        ],
        [
          500,
          1,
          70,
          70
        ],
        [
          500,
          1,
          70,
          70
        ]
      ],
      "model_shapes": [],
      "processing_time": 0.03925514221191406
    },
    {
      "scenario": "FlatVel_B",
      "structure": "data/model_dirs",
      "total_files": 4,
      "total_samples": 2000,
      "total_size_gb": 1.3221060037612915,
      "data_shapes": [
        [
          500,
          5,
          1000,
          70
        ],
        [
          500,
          1,
          70,
          70
        ],
        [
          500,
          5,
          1000,
          70
        ],
        [
          500,
          1,
          70,
          70
        ]
      ],
      "model_shapes": [],
      "processing_time": 0.03711509704589844
    },
    {
      "scenario": "Style_A",
      "structure": "data/model_dirs",
      "total_files": 4,
      "total_samples": 2000,
      "total_size_gb": 1.3221060037612915,
      "data_shapes": [
        [
          500,
          5,
          1000,
          70
        ],
        [
          500,
          5,
          1000,
          70
        ],
        [
          500,
          1,
          70,
          70
        ],
        [
          500,
          1,
          70,
          70
        ]
      ],
      "model_shapes": [],
      "processing_time": 0.03712320327758789
    },
    {
      "scenario": "Style_B",
      "structure": "data/model_dirs",
      "total_files": 4,
      "total_samples": 2000,
      "total_size_gb": 1.3221060037612915,
      "data_shapes": [
        [
          500,
          5,
          1000,
          70
        ],
        [
          500,
          5,
          1000,
          70
        ],
        [
          500,
          1,
          70,
          70
        ],
        [
          500,
          1,
          70,
          70
        ]
      ],
      "model_shapes": [],
      "processing_time": 0.033396005630493164
    }
  ],
  "complexity_mapping": {
    "simple": [
      "FlatVel_A",
      "FlatVel_B"
    ],
    "intermediate": [
      "Style_A",
      "Style_B",
      "CurveVel_A",
      "CurveVel_B"
    ],
    "complex": [
      "FlatFault_A",
      "FlatFault_B",
      "CurveFault_A",
      "CurveFault_B"
    ]
  },
  "training_requirements": {
    "efficient_batch_size": 3043,
    "enhanced_batch_size": 1521,
    "efficient_epoch_time": 1424.1239999999998,
    "enhanced_epoch_time": 21651.434999999998,
    "optimal_workers": 8
  }
}