Dataset,Shape,Dimensions,Total_Elements,Memory_MB,Min,Max,Mean,Std,Median,Q25,Q75,Skewness,Kurtosis
Vel_Seismic,"(500, 5, 1000, 70)",4,175000000,667.572021484375,-25.700329,49.97467,-1.3586949e-06,1.4726076,-0.0043658214,-0.039421204,-4.27176e-31,6.678325,160.23903
Vel_Velocity,"(500, 1, 70, 70)",4,2450000,9.34600830078125,1501.0,4500.0,2760.5916,784.4797,2694.0,2101.0,3414.0,0.21658337,-1.0397631
Fault_Seismic,"(500, 5, 1000, 70)",4,175000000,667.572021484375,-24.956562,48.81562,-0.00040364396,1.5665349,-0.0054650484,-0.02961042,-8.808635e-08,6.591279,154.07587
Fault_Velocity,"(500, 1, 70, 70)",4,2450000,9.34600830078125,1516.0,4500.0,3014.7837,868.88043,2996.0,2253.0,3752.9355,0.031826567,-1.1906947
Test_Data,"(5, 1000, 70)",3,350000,1.33514404296875,-25.798563,50.20251,-0.00044853412,1.8810843,-0.0028399033,-0.018604942,0.0020517125,6.347079,134.82469
